<keymap version="1" name="Emacs copy" parent="Emacs">
  <action id="$Undo">
    <keyboard-shortcut first-keystroke="shift ctrl minus" />
    <keyboard-shortcut first-keystroke="ctrl slash" />
    <keyboard-shortcut first-keystroke="ctrl z" />
  </action>
  <action id="Back">
    <keyboard-shortcut first-keystroke="ctrl alt left" />
    <mouse-shortcut keystroke="button4" />
    <keyboard-shortcut first-keystroke="shift ctrl left" />
  </action>
  <action id="Console.Execute.Multiline">
    <keyboard-shortcut first-keystroke="meta enter" />
  </action>
  <action id="Console.Jdbc.Execute.2">
    <keyboard-shortcut first-keystroke="shift meta enter" />
  </action>
  <action id="DecreaseColumnWidth" />
  <action id="Diff.FocusOppositePane" />
  <action id="Diff.FocusOppositePaneAndScroll" />
  <action id="Diff.NextChange">
    <keyboard-shortcut first-keystroke="ctrl x" second-keystroke="n" />
  </action>
  <action id="DirDiffMenu.SynchronizeDiff.All" />
  <action id="Editor Undo">
    <keyboard-shortcut first-keystroke="ctrl z" />
  </action>
  <action id="EditorNextWord">
    <keyboard-shortcut first-keystroke="ctrl right" />
    <keyboard-shortcut first-keystroke="alt f" />
    <keyboard-shortcut first-keystroke="escape" second-keystroke="ctrl f" />
    <keyboard-shortcut first-keystroke="alt right" />
  </action>
  <action id="EditorNextWordWithSelection">
    <keyboard-shortcut first-keystroke="shift alt right" />
  </action>
  <action id="EditorPageUp">
    <keyboard-shortcut first-keystroke="page_up" />
    <keyboard-shortcut first-keystroke="alt v" />
  </action>
  <action id="EditorPreviousWord">
    <keyboard-shortcut first-keystroke="ctrl left" />
    <keyboard-shortcut first-keystroke="alt b" />
    <keyboard-shortcut first-keystroke="escape" second-keystroke="ctrl b" />
    <keyboard-shortcut first-keystroke="alt left" />
  </action>
  <action id="EditorPreviousWordWithSelection">
    <keyboard-shortcut first-keystroke="shift alt left" />
  </action>
  <action id="Forward">
    <keyboard-shortcut first-keystroke="ctrl alt right" />
    <mouse-shortcut keystroke="button5" />
    <keyboard-shortcut first-keystroke="shift ctrl right" />
  </action>
  <action id="GotoDeclaration">
    <mouse-shortcut keystroke="control button1" />
    <mouse-shortcut keystroke="meta button1" />
    <keyboard-shortcut first-keystroke="meta enter" />
    <keyboard-shortcut first-keystroke="ctrl enter" />
  </action>
  <action id="IncreaseColumnWidth" />
  <action id="IncrementWindowWidth" />
  <action id="KotlinShellExecute" />
  <action id="NextEditorTab" />
  <action id="NextTab">
    <keyboard-shortcut first-keystroke="ctrl x" second-keystroke="n" />
    <keyboard-shortcut first-keystroke="ctrl tab" />
  </action>
  <action id="NotebookRunCellAction" />
  <action id="PreviousEditorTab" />
  <action id="PreviousTab">
    <keyboard-shortcut first-keystroke="ctrl x" second-keystroke="p" />
    <keyboard-shortcut first-keystroke="shift ctrl tab" />
  </action>
  <action id="PyExecuteCellAction" />
  <action id="ResizeToolWindowLeft" />
  <action id="ResizeToolWindowRight" />
  <action id="Scala.ShowImplicits">
    <keyboard-shortcut first-keystroke="shift ctrl alt equals" />
    <keyboard-shortcut first-keystroke="shift ctrl alt add" />
  </action>
  <action id="ScalaConsole.Execute">
    <keyboard-shortcut first-keystroke="enter" />
  </action>
  <action id="SplitChooser.Duplicate" />
  <action id="Terminal.SmartCommandExecution.Run" />
  <action id="ViewSource" />
  <action id="com.intellij.lang.jsgraphql.v1.ide.actions.JSGraphQLExecuteEditorAction" />
</keymap>