<application>
  <component name="MavenWrapperMapping">
    <option name="mapping">
      <map>
        <entry key="https://repo1.maven.org/maven2/org/apache/maven/apache-maven/3.6.3/apache-maven-3.6.3-bin.zip" value="$USER_HOME$/.m2/wrapper/dists/apache-maven-3.6.3-bin/lm9vem38rfmjij3jj0mk5bvnt/apache-maven-3.6.3" />
        <entry key="https://repo1.maven.org/maven2/org/apache/maven/apache-maven/3.8.4/apache-maven-3.8.4-bin.zip" value="$USER_HOME$/.m2/wrapper/dists/apache-maven-3.8.4-bin/5sjqtqkfjmakil1qhdtgrnjjdc/apache-maven-3.8.4" />
        <entry key="https://repo1.maven.org/maven2/org/apache/maven/apache-maven/3.9.2/apache-maven-3.9.2-bin.zip" value="$USER_HOME$/.m2/wrapper/dists/apache-maven-3.9.2-bin/2ebamk1oldjuut6lacpbt82514/apache-maven-3.9.2" />
      </map>
    </option>
  </component>
</application>