<application>
  <component name="CodeInsightSettings">
    <EXCLUDED_PACKAGE NAME="javafx.util.Pair" />
  </component>
  <component name="EditorSettings">
    <option name="ENABLE_RENDERED_DOC" value="true" />
    <option name="IS_CAMEL_WORDS" value="true" />
  </component>
  <component name="TodoConfiguration">
    <pattern pattern="\btodo\b.*" />
    <pattern pattern="\bfixme\b.*" />
    <pattern icon="important" useCustomColors="true" pattern="\btodo etk\b.*">
      <option name="FOREGROUND" value="4ec0ad" />
      <option name="FONT_TYPE" value="2" />
      <option name="ERROR_STRIPE_COLOR" value="aa53ab" />
    </pattern>
    <filter name="ETK">
      <pattern index="2" />
    </filter>
  </component>
</application>