<application>
  <component name="FileTypeManager" version="18">
    <extensionMap>
      <mapping ext="avsc" type="JSON" />
      <mapping ext="space.kts" type="Kotlin" />
      <mapping ext="gradle.kts" type="Kotlin" />
      <mapping ext="main.kts" type="Kotlin" />
      <mapping pattern=".coveragerc" type="PLAIN_TEXT" />
      <mapping pattern="trino-resource-usage-overview" type="YAML" />
      <mapping pattern="ekrogen-trino-alerts-consolidated" type="YAML" />
      <removed_mapping ext="chm" approved="true" type="Native" />
      <removed_mapping ext="graphqlconfig" approved="true" type="GraphQL Config" />
      <removed_mapping ext="ignore" approved="true" type="IgnoreLang file" />
      <removed_mapping ext="txt" approved="true" type="PLAIN_TEXT" />
    </extensionMap>
  </component>
</application>