<application>
  <component name="FindSettings">
    <option name="customScope" value="Project Production Files" />
    <option name="defaultScopeName" value="Project Production Files" />
    <option name="localRegularExpressions" value="true" />
    <option name="showResultsInSeparateView" value="true" />
    <option name="LOCAL_REGULAR_EXPRESSIONS" value="true" />
    <option name="SHOW_RESULTS_IN_SEPARATE_VIEW" value="true" />
    <option name="SEARCH_SCOPE" value="Project Production Files" />
    <mask>*.json</mask>
    <mask>*.sql</mask>
    <mask>*.gradle</mask>
    <mask>*.java</mask>
    <mask>pom.xml</mask>
    <mask>mapred-site.xml</mask>
    <mask>dataset.conf</mask>
    <mask>*.xml</mask>
    <mask>*.scala</mask>
  </component>
</application>