<application>
  <component name="LogHighlightingSettings">
    <highlightingPatterns>
      <LogHighlightingPattern pattern="^\s*e(rror)?\s*$" action="HIGHLIGHT_LINE" fg="-65536" bold="true" stripe="true" />
      <LogHighlightingPattern pattern="^\s*w(arn(ing)?)?\s*$" action="HIGHLIGHT_LINE" fg="-22016" bold="true" />
      <LogHighlightingPattern enabled="false" pattern="^\s*i(nfo)?" action="HIGHLIGHT_MATCH" fg="-12599489" />
    </highlightingPatterns>
    <parsingPatterns>
      <LogParsingPattern name="Pipe-separated" pattern="^(?s)([^|]*)\|([^|]*)\|([^|]*)\|(.*)$" timePattern="HH:mm:ss.SSS" linePattern="^\d" timeId="0" severityId="1" categoryId="2" />
      <LogParsingPattern name="IntelliJ IDEA" pattern="^([^\[]+)(\[[\s\d]+])\s*(\w*)\s*-\s*(\S*)\s*-(.+)$" timePattern="yyyy-MM-dd HH:mm:ss,SSS" linePattern="^\d" timeId="0" severityId="2" categoryId="3" />
      <LogParsingPattern name="TeamCity build log" pattern="^\[([^]]+)](.):\s*(\[[^]]+])?(.*)$" timePattern="HH:mm:ss" linePattern="^\[" timeId="0" severityId="1" categoryId="2" />
      <LogParsingPattern name="Spark Unit Test Logs" pattern="^([\d/ :.]+) .+ ([A-Z]+) (\S+?): (.+)$" timePattern="yy/MM/dd HH:mm:ss.SSS" linePattern="^\d\d" timeId="0" severityId="1" categoryId="2" />
    </parsingPatterns>
    <settingsVersion>4</settingsVersion>
    <lastAddedDefaultFormat>3</lastAddedDefaultFormat>
  </component>
</application>