<application>
  <component name="UpdatesConfigurable">
    <option name="CHECK_NEEDED" value="false" />
    <option name="LAST_BUILD_CHECKED" value="IU-222.3345.118" />
    <option name="LAST_TIME_CHECKED" value="1689028027723" />
    <pluginHosts>
      <item value="https://lintellijps.tools.corp.linkedin.com/api/v1/plugins/production/updatePlugins.xml" />
    </pluginHosts>
    <option name="THIRD_PARTY_PLUGINS_ALLOWED" value="true" />
    <option name="WHATS_NEW_SHOWN_FOR" value="222" />
  </component>
</application>